Name,Email,Phone,Education,Experience,Skills,Certifications,Applied Role
Ankit Singh 257,ankit.singh.257@example.com,9869335517,"B.Sc in Statistics, Delhi University, 2019",5 years as Project Manager at NexGenSoft,"SEO, Google Ads, Analytics, Content Strategy, Facebook Ads",Oracle Certified Java Developer,Backend Developer
Ravi Narayan 710,ravi.narayan.710@example.com,9821999552,"MBA in HR, Symbiosis, 2020",5 years as Project Manager at NexGenSoft,"HTML, CSS, JavaScript, React, Git",Oracle Certified Java Developer,Project Manager
Divya Iyer 935,divya.iyer.935@example.com,9218462111,"B.Tech in Computer Science, IIT Delhi, 2022",3 years as Data Analyst at Infoware Solutions,"HTML, CSS, JavaScript, React, Git",Google Digital Marketing Certification,QA Engineer
Karan Verma 773,karan.verma.773@example.com,9617175822,"B.E. in Information Technology, Anna University, 2021",4 years in Digital Marketing at AdVision,"SEO, Google Ads, Analytics, Content Strategy, Facebook Ads",Google Digital Marketing Certification,Project Manager
Manish Gupta 342,manish.gupta.342@example.com,9337699928,"B.Sc in Statistics, Delhi University, 2019",4 years in Digital Marketing at AdVision,"Recruitment, Onboarding, HRMS, MS Excel, Communication",Certified Scrum Master - Scrum Alliance,Digital Marketing Specialist
Karan Verma 440,karan.verma.440@example.com,9782862783,"MBA in HR, Symbiosis, 2020",4 years in Digital Marketing at AdVision,"SEO, Google Ads, Analytics, Content Strategy, Facebook Ads",People Analytics - Coursera,Digital Marketing Specialist
Divya Iyer 985,divya.iyer.985@example.com,9355638736,"BBA, Christ University, 2018",3 years as Data Analyst at Infoware Solutions,"SEO, Google Ads, Analytics, Content Strategy, Facebook Ads",People Analytics - Coursera,UI/UX Designer
Karan Verma 204,karan.verma.204@example.com,9932499841,"BBA, Christ University, 2018",5 years as Project Manager at NexGenSoft,"Recruitment, Onboarding, HRMS, MS Excel, Communication",Certified Scrum Master - Scrum Alliance,Project Manager
Priya Das 941,priya.das.941@example.com,9815577656,"B.Tech in Computer Science, IIT Delhi, 2022",3 years as Data Analyst at Infoware Solutions,"Java, Spring Boot, MySQL, REST APIs, Docker",Google Digital Marketing Certification,Backend Developer
Ishita Roy 809,ishita.roy.809@example.com,9599103713,"B.Sc in Statistics, Delhi University, 2019",3 years as Data Analyst at Infoware Solutions,"Recruitment, Onboarding, HRMS, MS Excel, Communication",Oracle Certified Java Developer,HR Manager
Priya Das 624,priya.das.624@example.com,9117834945,"MCA, NIT Trichy, 2021",2 years as HR Executive at TalentCraft,"SEO, Google Ads, Analytics, Content Strategy, Facebook Ads",Frontend Developer Nanodegree - Udacity,Data Analyst
Ravi Narayan 660,ravi.narayan.660@example.com,9603843945,"MBA in HR, Symbiosis, 2020",1 year as Front-End Developer at ByteLogic,"Recruitment, Onboarding, HRMS, MS Excel, Communication",Certified Scrum Master - Scrum Alliance,HR Manager
Neha Sharma 825,neha.sharma.825@example.com,9172875837,"B.Sc in Statistics, Delhi University, 2019",2 years as Backend Developer at CodeNest,"Java, Spring Boot, MySQL, REST APIs, Docker",Certified Scrum Master - Scrum Alliance,UI/UX Designer
Divya Iyer 353,divya.iyer.353@example.com,9050785229,"B.Sc in Statistics, Delhi University, 2019",1 year as Front-End Developer at ByteLogic,"Java, Spring Boot, MySQL, REST APIs, Docker",Oracle Certified Java Developer,Data Analyst
Neha Sharma 432,neha.sharma.432@example.com,9435376495,"B.Tech in Computer Science, IIT Delhi, 2022",4 years in Digital Marketing at AdVision,"Java, Spring Boot, MySQL, REST APIs, Docker",Google Digital Marketing Certification,QA Engineer
Priya Das 489,priya.das.489@example.com,9492048845,"MBA in HR, Symbiosis, 2020",5 years as Project Manager at NexGenSoft,"Recruitment, Onboarding, HRMS, MS Excel, Communication",Oracle Certified Java Developer,Digital Marketing Specialist
Priya Das 939,priya.das.939@example.com,9545132400,"MBA in HR, Symbiosis, 2020",2 years as HR Executive at TalentCraft,"SEO, Google Ads, Analytics, Content Strategy, Facebook Ads",Google Data Analytics Certificate,Frontend Developer
Manish Gupta 527,manish.gupta.527@example.com,9407121412,"BBA, Christ University, 2018",2 years as HR Executive at TalentCraft,"Figma, Adobe XD, Wireframing, UX Research, Prototyping",Certified Scrum Master - Scrum Alliance,HR Manager
Karan Verma 239,karan.verma.239@example.com,9075942899,"MCA, NIT Trichy, 2021",3 years as Data Analyst at Infoware Solutions,"Java, Spring Boot, MySQL, REST APIs, Docker",Google Data Analytics Certificate,QA Engineer
Ishita Roy 897,ishita.roy.897@example.com,9406042358,"B.Tech in Computer Science, IIT Delhi, 2022",3 years as Data Analyst at Infoware Solutions,"HTML, CSS, JavaScript, React, Git",Google Data Analytics Certificate,Digital Marketing Specialist
Karan Verma 591,karan.verma.591@example.com,9986513927,"MCA, NIT Trichy, 2021",2 years as HR Executive at TalentCraft,"Recruitment, Onboarding, HRMS, MS Excel, Communication",Google Digital Marketing Certification,Frontend Developer
Ankit Singh 220,ankit.singh.220@example.com,9403779719,"B.E. in Information Technology, Anna University, 2021",5 years as Project Manager at NexGenSoft,"Figma, Adobe XD, Wireframing, UX Research, Prototyping",People Analytics - Coursera,Project Manager
Neha Sharma 995,neha.sharma.995@example.com,9712709703,"MBA in HR, Symbiosis, 2020",2 years as Backend Developer at CodeNest,"Java, Spring Boot, MySQL, REST APIs, Docker",Frontend Developer Nanodegree - Udacity,HR Manager
Karan Verma 251,karan.verma.251@example.com,9950059760,"MBA in HR, Symbiosis, 2020",2 years as HR Executive at TalentCraft,"SEO, Google Ads, Analytics, Content Strategy, Facebook Ads",Certified Scrum Master - Scrum Alliance,Data Analyst
Ishita Roy 58,ishita.roy.58@example.com,9585597655,"B.E. in Information Technology, Anna University, 2021",1 year as Front-End Developer at ByteLogic,"Figma, Adobe XD, Wireframing, UX Research, Prototyping",People Analytics - Coursera,Frontend Developer
Priya Das 908,priya.das.908@example.com,9156757502,"B.E. in Information Technology, Anna University, 2021",4 years in Digital Marketing at AdVision,"Java, Spring Boot, MySQL, REST APIs, Docker",Oracle Certified Java Developer,Frontend Developer
Sneha Kapoor 894,sneha.kapoor.894@example.com,9917776821,"BBA, Christ University, 2018",5 years as Project Manager at NexGenSoft,"HTML, CSS, JavaScript, React, Git",Oracle Certified Java Developer,Data Analyst
Neha Sharma 168,neha.sharma.168@example.com,9571754504,"MCA, NIT Trichy, 2021",2 years as HR Executive at TalentCraft,"Figma, Adobe XD, Wireframing, UX Research, Prototyping",Google Data Analytics Certificate,Digital Marketing Specialist
Priya Das 793,priya.das.793@example.com,9007159403,"B.E. in Information Technology, Anna University, 2021",2 years as HR Executive at TalentCraft,"SQL, Python, Tableau, Excel, Data Cleaning",Certified Scrum Master - Scrum Alliance,HR Manager
Karan Verma 838,karan.verma.838@example.com,9275838079,"B.Sc in Statistics, Delhi University, 2019",5 years as Project Manager at NexGenSoft,"Recruitment, Onboarding, HRMS, MS Excel, Communication",Oracle Certified Java Developer,Project Manager
Ravi Narayan 12,ravi.narayan.12@example.com,9594996524,"MCA, NIT Trichy, 2021",4 years in Digital Marketing at AdVision,"SQL, Python, Tableau, Excel, Data Cleaning",Oracle Certified Java Developer,Digital Marketing Specialist
Manish Gupta 151,manish.gupta.151@example.com,9711485948,"MBA in HR, Symbiosis, 2020",4 years in Digital Marketing at AdVision,"Java, Spring Boot, MySQL, REST APIs, Docker",Certified Scrum Master - Scrum Alliance,Digital Marketing Specialist
Priya Das 14,priya.das.14@example.com,9428061751,"MCA, NIT Trichy, 2021",1 year as Front-End Developer at ByteLogic,"Java, Spring Boot, MySQL, REST APIs, Docker",Frontend Developer Nanodegree - Udacity,Digital Marketing Specialist
Divya Iyer 568,divya.iyer.568@example.com,9386282838,"B.Tech in Computer Science, IIT Delhi, 2022",1 year as Front-End Developer at ByteLogic,"Recruitment, Onboarding, HRMS, MS Excel, Communication",Google Data Analytics Certificate,Backend Developer
Divya Iyer 191,divya.iyer.191@example.com,9001497197,"B.Tech in Computer Science, IIT Delhi, 2022",1 year as Front-End Developer at ByteLogic,"Figma, Adobe XD, Wireframing, UX Research, Prototyping",People Analytics - Coursera,QA Engineer
Aarav Mehta 76,aarav.mehta.76@example.com,9331926402,"B.E. in Information Technology, Anna University, 2021",2 years as HR Executive at TalentCraft,"Java, Spring Boot, MySQL, REST APIs, Docker",Frontend Developer Nanodegree - Udacity,Backend Developer
Neha Sharma 991,neha.sharma.991@example.com,9842692721,"BBA, Christ University, 2018",2 years as HR Executive at TalentCraft,"SQL, Python, Tableau, Excel, Data Cleaning",Google Digital Marketing Certification,Data Analyst
Karan Verma 678,karan.verma.678@example.com,9523339521,"B.E. in Information Technology, Anna University, 2021",5 years as Project Manager at NexGenSoft,"Recruitment, Onboarding, HRMS, MS Excel, Communication",Certified Scrum Master - Scrum Alliance,Frontend Developer
Neha Sharma 645,neha.sharma.645@example.com,9806395676,"B.Sc in Statistics, Delhi University, 2019",5 years as Project Manager at NexGenSoft,"Java, Spring Boot, MySQL, REST APIs, Docker",Frontend Developer Nanodegree - Udacity,Project Manager
Neha Sharma 473,neha.sharma.473@example.com,9396913923,"B.E. in Information Technology, Anna University, 2021",2 years as Backend Developer at CodeNest,"Figma, Adobe XD, Wireframing, UX Research, Prototyping",People Analytics - Coursera,Data Analyst
Neha Sharma 204,neha.sharma.204@example.com,9907985796,"MCA, NIT Trichy, 2021",3 years as Data Analyst at Infoware Solutions,"HTML, CSS, JavaScript, React, Git",Oracle Certified Java Developer,Digital Marketing Specialist
Ankit Singh 272,ankit.singh.272@example.com,9834075881,"B.Tech in Computer Science, IIT Delhi, 2022",1 year as Front-End Developer at ByteLogic,"Recruitment, Onboarding, HRMS, MS Excel, Communication",Frontend Developer Nanodegree - Udacity,Project Manager
Ishita Roy 754,ishita.roy.754@example.com,9466200641,"MBA in HR, Symbiosis, 2020",3 years as Data Analyst at Infoware Solutions,"SQL, Python, Tableau, Excel, Data Cleaning",Frontend Developer Nanodegree - Udacity,HR Manager
Divya Iyer 147,divya.iyer.147@example.com,9103052872,"MCA, NIT Trichy, 2021",4 years in Digital Marketing at AdVision,"SQL, Python, Tableau, Excel, Data Cleaning",People Analytics - Coursera,Frontend Developer
Aarav Mehta 974,aarav.mehta.974@example.com,9133206887,"MCA, NIT Trichy, 2021",1 year as Front-End Developer at ByteLogic,"SQL, Python, Tableau, Excel, Data Cleaning",Oracle Certified Java Developer,Digital Marketing Specialist
Aarav Mehta 448,aarav.mehta.448@example.com,9759175363,"B.E. in Information Technology, Anna University, 2021",5 years as Project Manager at NexGenSoft,"Figma, Adobe XD, Wireframing, UX Research, Prototyping",People Analytics - Coursera,UI/UX Designer
Priya Das 750,priya.das.750@example.com,9369395686,"MCA, NIT Trichy, 2021",2 years as HR Executive at TalentCraft,"SEO, Google Ads, Analytics, Content Strategy, Facebook Ads",Google Digital Marketing Certification,Frontend Developer
Manish Gupta 426,manish.gupta.426@example.com,9333658543,"MBA in HR, Symbiosis, 2020",2 years as HR Executive at TalentCraft,"Java, Spring Boot, MySQL, REST APIs, Docker",Frontend Developer Nanodegree - Udacity,Digital Marketing Specialist
Manish Gupta 160,manish.gupta.160@example.com,9138129781,"B.Tech in Computer Science, IIT Delhi, 2022",2 years as Backend Developer at CodeNest,"Recruitment, Onboarding, HRMS, MS Excel, Communication",Certified Scrum Master - Scrum Alliance,Project Manager
Ishita Roy 74,ishita.roy.74@example.com,9144729831,"MCA, NIT Trichy, 2021",2 years as Backend Developer at CodeNest,"SQL, Python, Tableau, Excel, Data Cleaning",Google Digital Marketing Certification,Backend Developer
Neha Sharma 468,neha.sharma.468@example.com,9910000074,"MCA, NIT Trichy, 2021",1 year as Front-End Developer at ByteLogic,"Java, Spring Boot, MySQL, REST APIs, Docker",Certified Scrum Master - Scrum Alliance,Project Manager
Divya Iyer 207,divya.iyer.207@example.com,9320443415,"B.Tech in Computer Science, IIT Delhi, 2022",5 years as Project Manager at NexGenSoft,"Figma, Adobe XD, Wireframing, UX Research, Prototyping",Google Data Analytics Certificate,HR Manager
Ishita Roy 415,ishita.roy.415@example.com,9127069581,"MCA, NIT Trichy, 2021",3 years as Data Analyst at Infoware Solutions,"Figma, Adobe XD, Wireframing, UX Research, Prototyping",Certified Scrum Master - Scrum Alliance,Project Manager
Divya Iyer 236,divya.iyer.236@example.com,9074504434,"MCA, NIT Trichy, 2021",5 years as Project Manager at NexGenSoft,"Recruitment, Onboarding, HRMS, MS Excel, Communication",Google Data Analytics Certificate,HR Manager
Sneha Kapoor 483,sneha.kapoor.483@example.com,9718125205,"MCA, NIT Trichy, 2021",1 year as Front-End Developer at ByteLogic,"SEO, Google Ads, Analytics, Content Strategy, Facebook Ads",Frontend Developer Nanodegree - Udacity,HR Manager
Ishita Roy 492,ishita.roy.492@example.com,9654058658,"MBA in HR, Symbiosis, 2020",2 years as Backend Developer at CodeNest,"HTML, CSS, JavaScript, React, Git",Google Data Analytics Certificate,Project Manager
Ankit Singh 988,ankit.singh.988@example.com,9161305708,"B.Sc in Statistics, Delhi University, 2019",2 years as Backend Developer at CodeNest,"Java, Spring Boot, MySQL, REST APIs, Docker",People Analytics - Coursera,UI/UX Designer
Sneha Kapoor 960,sneha.kapoor.960@example.com,9720437882,"MBA in HR, Symbiosis, 2020",5 years as Project Manager at NexGenSoft,"SQL, Python, Tableau, Excel, Data Cleaning",Frontend Developer Nanodegree - Udacity,Data Analyst
Ishita Roy 72,ishita.roy.72@example.com,9496681171,"B.Tech in Computer Science, IIT Delhi, 2022",3 years as Data Analyst at Infoware Solutions,"SEO, Google Ads, Analytics, Content Strategy, Facebook Ads",Google Digital Marketing Certification,UI/UX Designer
Neha Sharma 812,neha.sharma.812@example.com,9970524621,"B.E. in Information Technology, Anna University, 2021",1 year as Front-End Developer at ByteLogic,"Figma, Adobe XD, Wireframing, UX Research, Prototyping",Frontend Developer Nanodegree - Udacity,Data Analyst
Aarav Mehta 301,aarav.mehta.301@example.com,9966794665,"B.Tech in Computer Science, IIT Delhi, 2022",1 year as Front-End Developer at ByteLogic,"SQL, Python, Tableau, Excel, Data Cleaning",Google Digital Marketing Certification,Project Manager
Aarav Mehta 317,aarav.mehta.317@example.com,9312610432,"B.Tech in Computer Science, IIT Delhi, 2022",2 years as HR Executive at TalentCraft,"Figma, Adobe XD, Wireframing, UX Research, Prototyping",Certified Scrum Master - Scrum Alliance,HR Manager
Manish Gupta 678,manish.gupta.678@example.com,9220936110,"B.Sc in Statistics, Delhi University, 2019",2 years as HR Executive at TalentCraft,"Recruitment, Onboarding, HRMS, MS Excel, Communication",People Analytics - Coursera,Project Manager
Aarav Mehta 18,aarav.mehta.18@example.com,9193991199,"MCA, NIT Trichy, 2021",4 years in Digital Marketing at AdVision,"Recruitment, Onboarding, HRMS, MS Excel, Communication",Certified Scrum Master - Scrum Alliance,Project Manager
Sneha Kapoor 432,sneha.kapoor.432@example.com,9157984207,"B.Tech in Computer Science, IIT Delhi, 2022",5 years as Project Manager at NexGenSoft,"SEO, Google Ads, Analytics, Content Strategy, Facebook Ads",Frontend Developer Nanodegree - Udacity,Frontend Developer
Sneha Kapoor 153,sneha.kapoor.153@example.com,9731439852,"B.E. in Information Technology, Anna University, 2021",3 years as Data Analyst at Infoware Solutions,"HTML, CSS, JavaScript, React, Git",Certified Scrum Master - Scrum Alliance,UI/UX Designer
Manish Gupta 447,manish.gupta.447@example.com,9158040023,"MBA in HR, Symbiosis, 2020",5 years as Project Manager at NexGenSoft,"SEO, Google Ads, Analytics, Content Strategy, Facebook Ads",Frontend Developer Nanodegree - Udacity,HR Manager
Karan Verma 928,karan.verma.928@example.com,9734893272,"MBA in HR, Symbiosis, 2020",5 years as Project Manager at NexGenSoft,"HTML, CSS, JavaScript, React, Git",Certified Scrum Master - Scrum Alliance,Data Analyst
Ishita Roy 702,ishita.roy.702@example.com,9749996902,"MBA in HR, Symbiosis, 2020",2 years as Backend Developer at CodeNest,"HTML, CSS, JavaScript, React, Git",Certified Scrum Master - Scrum Alliance,HR Manager
Divya Iyer 445,divya.iyer.445@example.com,9717468034,"B.E. in Information Technology, Anna University, 2021",4 years in Digital Marketing at AdVision,"HTML, CSS, JavaScript, React, Git",People Analytics - Coursera,Frontend Developer
Ishita Roy 915,ishita.roy.915@example.com,9548831577,"MCA, NIT Trichy, 2021",2 years as Backend Developer at CodeNest,"Java, Spring Boot, MySQL, REST APIs, Docker",Google Digital Marketing Certification,Digital Marketing Specialist
Karan Verma 65,karan.verma.65@example.com,9885218758,"B.Sc in Statistics, Delhi University, 2019",2 years as Backend Developer at CodeNest,"Recruitment, Onboarding, HRMS, MS Excel, Communication",People Analytics - Coursera,QA Engineer
Divya Iyer 471,divya.iyer.471@example.com,9012916788,"B.E. in Information Technology, Anna University, 2021",2 years as Backend Developer at CodeNest,"SEO, Google Ads, Analytics, Content Strategy, Facebook Ads",Frontend Developer Nanodegree - Udacity,Backend Developer
Divya Iyer 125,divya.iyer.125@example.com,9942390584,"B.Sc in Statistics, Delhi University, 2019",2 years as HR Executive at TalentCraft,"HTML, CSS, JavaScript, React, Git",Certified Scrum Master - Scrum Alliance,UI/UX Designer
Ishita Roy 516,ishita.roy.516@example.com,9934820622,"B.Tech in Computer Science, IIT Delhi, 2022",3 years as Data Analyst at Infoware Solutions,"SQL, Python, Tableau, Excel, Data Cleaning",Oracle Certified Java Developer,Frontend Developer
Ishita Roy 421,ishita.roy.421@example.com,9764893469,"BBA, Christ University, 2018",2 years as Backend Developer at CodeNest,"Java, Spring Boot, MySQL, REST APIs, Docker",Certified Scrum Master - Scrum Alliance,Data Analyst
Ankit Singh 353,ankit.singh.353@example.com,9144542575,"B.Sc in Statistics, Delhi University, 2019",5 years as Project Manager at NexGenSoft,"SQL, Python, Tableau, Excel, Data Cleaning",Certified Scrum Master - Scrum Alliance,Project Manager
Ravi Narayan 732,ravi.narayan.732@example.com,9336453406,"MBA in HR, Symbiosis, 2020",4 years in Digital Marketing at AdVision,"HTML, CSS, JavaScript, React, Git",People Analytics - Coursera,Backend Developer
Priya Das 473,priya.das.473@example.com,9010483552,"MBA in HR, Symbiosis, 2020",1 year as Front-End Developer at ByteLogic,"Recruitment, Onboarding, HRMS, MS Excel, Communication",Google Digital Marketing Certification,UI/UX Designer
Neha Sharma 323,neha.sharma.323@example.com,9672471762,"MBA in HR, Symbiosis, 2020",2 years as HR Executive at TalentCraft,"SEO, Google Ads, Analytics, Content Strategy, Facebook Ads",Oracle Certified Java Developer,Digital Marketing Specialist
Ishita Roy 359,ishita.roy.359@example.com,9180497032,"B.Sc in Statistics, Delhi University, 2019",2 years as HR Executive at TalentCraft,"Java, Spring Boot, MySQL, REST APIs, Docker",Google Digital Marketing Certification,Frontend Developer
Ishita Roy 176,ishita.roy.176@example.com,9000018242,"MCA, NIT Trichy, 2021",5 years as Project Manager at NexGenSoft,"HTML, CSS, JavaScript, React, Git",Oracle Certified Java Developer,Backend Developer
Ishita Roy 360,ishita.roy.360@example.com,9459203613,"B.Tech in Computer Science, IIT Delhi, 2022",4 years in Digital Marketing at AdVision,"SEO, Google Ads, Analytics, Content Strategy, Facebook Ads",Oracle Certified Java Developer,Data Analyst
Sneha Kapoor 554,sneha.kapoor.554@example.com,9206043709,"MBA in HR, Symbiosis, 2020",4 years in Digital Marketing at AdVision,"HTML, CSS, JavaScript, React, Git",Google Data Analytics Certificate,Digital Marketing Specialist
Ishita Roy 583,ishita.roy.583@example.com,9823454133,"MCA, NIT Trichy, 2021",4 years in Digital Marketing at AdVision,"Recruitment, Onboarding, HRMS, MS Excel, Communication",Frontend Developer Nanodegree - Udacity,Digital Marketing Specialist
Karan Verma 610,karan.verma.610@example.com,9464364144,"B.Sc in Statistics, Delhi University, 2019",3 years as Data Analyst at Infoware Solutions,"Recruitment, Onboarding, HRMS, MS Excel, Communication",Oracle Certified Java Developer,Project Manager
Neha Sharma 455,neha.sharma.455@example.com,9943138101,"BBA, Christ University, 2018",4 years in Digital Marketing at AdVision,"HTML, CSS, JavaScript, React, Git",Certified Scrum Master - Scrum Alliance,Digital Marketing Specialist
Sneha Kapoor 219,sneha.kapoor.219@example.com,9904247509,"MBA in HR, Symbiosis, 2020",1 year as Front-End Developer at ByteLogic,"HTML, CSS, JavaScript, React, Git",Certified Scrum Master - Scrum Alliance,UI/UX Designer
Karan Verma 571,karan.verma.571@example.com,9414398829,"B.E. in Information Technology, Anna University, 2021",4 years in Digital Marketing at AdVision,"SEO, Google Ads, Analytics, Content Strategy, Facebook Ads",Frontend Developer Nanodegree - Udacity,QA Engineer
Karan Verma 909,karan.verma.909@example.com,9151900497,"MCA, NIT Trichy, 2021",4 years in Digital Marketing at AdVision,"Figma, Adobe XD, Wireframing, UX Research, Prototyping",Google Digital Marketing Certification,Project Manager
Priya Das 968,priya.das.968@example.com,9175219660,"BBA, Christ University, 2018",3 years as Data Analyst at Infoware Solutions,"Figma, Adobe XD, Wireframing, UX Research, Prototyping",Google Digital Marketing Certification,UI/UX Designer
Karan Verma 794,karan.verma.794@example.com,9964579257,"BBA, Christ University, 2018",2 years as Backend Developer at CodeNest,"SEO, Google Ads, Analytics, Content Strategy, Facebook Ads",Oracle Certified Java Developer,UI/UX Designer
Ishita Roy 273,ishita.roy.273@example.com,9045472286,"B.E. in Information Technology, Anna University, 2021",5 years as Project Manager at NexGenSoft,"Recruitment, Onboarding, HRMS, MS Excel, Communication",Google Digital Marketing Certification,UI/UX Designer
Divya Iyer 691,divya.iyer.691@example.com,9844319596,"MCA, NIT Trichy, 2021",5 years as Project Manager at NexGenSoft,"Java, Spring Boot, MySQL, REST APIs, Docker",Google Data Analytics Certificate,Frontend Developer
Priya Das 999,priya.das.999@example.com,9287162931,"MBA in HR, Symbiosis, 2020",2 years as HR Executive at TalentCraft,"SEO, Google Ads, Analytics, Content Strategy, Facebook Ads",Google Data Analytics Certificate,QA Engineer
Karan Verma 840,karan.verma.840@example.com,9948362438,"MCA, NIT Trichy, 2021",2 years as HR Executive at TalentCraft,"SEO, Google Ads, Analytics, Content Strategy, Facebook Ads",People Analytics - Coursera,QA Engineer
Divya Iyer 420,divya.iyer.420@example.com,9888247075,"B.E. in Information Technology, Anna University, 2021",3 years as Data Analyst at Infoware Solutions,"Recruitment, Onboarding, HRMS, MS Excel, Communication",Oracle Certified Java Developer,HR Manager
Manish Gupta 306,manish.gupta.306@example.com,9572932194,"MBA in HR, Symbiosis, 2020",5 years as Project Manager at NexGenSoft,"Java, Spring Boot, MySQL, REST APIs, Docker",Frontend Developer Nanodegree - Udacity,QA Engineer
Ishita Roy 195,ishita.roy.195@example.com,9933482544,"MCA, NIT Trichy, 2021",4 years in Digital Marketing at AdVision,"SQL, Python, Tableau, Excel, Data Cleaning",Google Digital Marketing Certification,Frontend Developer
Ravi Narayan 987,ravi.narayan.987@example.com,9988804303,"B.Sc in Statistics, Delhi University, 2019",5 years as Project Manager at NexGenSoft,"SEO, Google Ads, Analytics, Content Strategy, Facebook Ads",Oracle Certified Java Developer,Data Analyst
Ishita Roy 211,ishita.roy.211@example.com,9086743457,"BBA, Christ University, 2018",5 years as Project Manager at NexGenSoft,"Java, Spring Boot, MySQL, REST APIs, Docker",People Analytics - Coursera,QA Engineer
Neha Sharma 837,neha.sharma.837@example.com,9642978565,"B.E. in Information Technology, Anna University, 2021",4 years in Digital Marketing at AdVision,"HTML, CSS, JavaScript, React, Git",People Analytics - Coursera,Frontend Developer
Divya Iyer 672,divya.iyer.672@example.com,9491656093,"B.Sc in Statistics, Delhi University, 2019",2 years as Backend Developer at CodeNest,"Recruitment, Onboarding, HRMS, MS Excel, Communication",Frontend Developer Nanodegree - Udacity,Data Analyst
Sneha Kapoor 274,sneha.kapoor.274@example.com,9839709379,"MCA, NIT Trichy, 2021",2 years as Backend Developer at CodeNest,"Java, Spring Boot, MySQL, REST APIs, Docker",Frontend Developer Nanodegree - Udacity,Backend Developer
Ishita Roy 89,ishita.roy.89@example.com,9250025577,"B.Sc in Statistics, Delhi University, 2019",3 years as Data Analyst at Infoware Solutions,"SQL, Python, Tableau, Excel, Data Cleaning",Certified Scrum Master - Scrum Alliance,QA Engineer
Aarav Mehta 190,aarav.mehta.190@example.com,9881521299,"MCA, NIT Trichy, 2021",2 years as Backend Developer at CodeNest,"SEO, Google Ads, Analytics, Content Strategy, Facebook Ads",People Analytics - Coursera,HR Manager
Manish Gupta 611,manish.gupta.611@example.com,9220165959,"MCA, NIT Trichy, 2021",1 year as Front-End Developer at ByteLogic,"HTML, CSS, JavaScript, React, Git",Certified Scrum Master - Scrum Alliance,Backend Developer
Karan Verma 145,karan.verma.145@example.com,9551348413,"B.Tech in Computer Science, IIT Delhi, 2022",3 years as Data Analyst at Infoware Solutions,"Figma, Adobe XD, Wireframing, UX Research, Prototyping",People Analytics - Coursera,Project Manager
Neha Sharma 616,neha.sharma.616@example.com,9892702375,"B.E. in Information Technology, Anna University, 2021",4 years in Digital Marketing at AdVision,"Recruitment, Onboarding, HRMS, MS Excel, Communication",Frontend Developer Nanodegree - Udacity,Digital Marketing Specialist
Neha Sharma 794,neha.sharma.794@example.com,9065985520,"B.Sc in Statistics, Delhi University, 2019",1 year as Front-End Developer at ByteLogic,"Java, Spring Boot, MySQL, REST APIs, Docker",Oracle Certified Java Developer,Data Analyst
Sneha Kapoor 8,sneha.kapoor.8@example.com,9881939358,"MCA, NIT Trichy, 2021",4 years in Digital Marketing at AdVision,"Figma, Adobe XD, Wireframing, UX Research, Prototyping",Oracle Certified Java Developer,Frontend Developer
Ankit Singh 894,ankit.singh.894@example.com,9591945191,"B.Sc in Statistics, Delhi University, 2019",1 year as Front-End Developer at ByteLogic,"SEO, Google Ads, Analytics, Content Strategy, Facebook Ads",Frontend Developer Nanodegree - Udacity,Frontend Developer
Ravi Narayan 368,ravi.narayan.368@example.com,9384985532,"BBA, Christ University, 2018",1 year as Front-End Developer at ByteLogic,"Recruitment, Onboarding, HRMS, MS Excel, Communication",Google Data Analytics Certificate,Project Manager
Ravi Narayan 188,ravi.narayan.188@example.com,9388476724,"B.Sc in Statistics, Delhi University, 2019",2 years as Backend Developer at CodeNest,"HTML, CSS, JavaScript, React, Git",Oracle Certified Java Developer,Digital Marketing Specialist
Karan Verma 726,karan.verma.726@example.com,9474249091,"B.E. in Information Technology, Anna University, 2021",5 years as Project Manager at NexGenSoft,"Java, Spring Boot, MySQL, REST APIs, Docker",Oracle Certified Java Developer,Data Analyst
Aarav Mehta 868,aarav.mehta.868@example.com,9981588037,"BBA, Christ University, 2018",1 year as Front-End Developer at ByteLogic,"SQL, Python, Tableau, Excel, Data Cleaning",Google Digital Marketing Certification,UI/UX Designer
Ishita Roy 532,ishita.roy.532@example.com,9480002396,"BBA, Christ University, 2018",4 years in Digital Marketing at AdVision,"SEO, Google Ads, Analytics, Content Strategy, Facebook Ads",Oracle Certified Java Developer,UI/UX Designer
Ishita Roy 948,ishita.roy.948@example.com,9857973451,"MCA, NIT Trichy, 2021",1 year as Front-End Developer at ByteLogic,"Figma, Adobe XD, Wireframing, UX Research, Prototyping",Google Data Analytics Certificate,Backend Developer
Sneha Kapoor 185,sneha.kapoor.185@example.com,9044466320,"MCA, NIT Trichy, 2021",1 year as Front-End Developer at ByteLogic,"Java, Spring Boot, MySQL, REST APIs, Docker",Frontend Developer Nanodegree - Udacity,Frontend Developer
Ishita Roy 312,ishita.roy.312@example.com,9876887215,"MBA in HR, Symbiosis, 2020",2 years as Backend Developer at CodeNest,"SEO, Google Ads, Analytics, Content Strategy, Facebook Ads",Google Digital Marketing Certification,Data Analyst
Sneha Kapoor 180,sneha.kapoor.180@example.com,9333940743,"BBA, Christ University, 2018",3 years as Data Analyst at Infoware Solutions,"Java, Spring Boot, MySQL, REST APIs, Docker",Google Data Analytics Certificate,Frontend Developer
Neha Sharma 386,neha.sharma.386@example.com,9579025923,"MBA in HR, Symbiosis, 2020",1 year as Front-End Developer at ByteLogic,"Recruitment, Onboarding, HRMS, MS Excel, Communication",Google Digital Marketing Certification,Frontend Developer
Neha Sharma 412,neha.sharma.412@example.com,9374984021,"B.Tech in Computer Science, IIT Delhi, 2022",3 years as Data Analyst at Infoware Solutions,"SQL, Python, Tableau, Excel, Data Cleaning",Google Digital Marketing Certification,Digital Marketing Specialist
Divya Iyer 247,divya.iyer.247@example.com,9824226582,"B.Sc in Statistics, Delhi University, 2019",1 year as Front-End Developer at ByteLogic,"SEO, Google Ads, Analytics, Content Strategy, Facebook Ads",Oracle Certified Java Developer,Data Analyst
Aarav Mehta 593,aarav.mehta.593@example.com,9061774479,"B.Tech in Computer Science, IIT Delhi, 2022",5 years as Project Manager at NexGenSoft,"Recruitment, Onboarding, HRMS, MS Excel, Communication",Oracle Certified Java Developer,UI/UX Designer
Aarav Mehta 476,aarav.mehta.476@example.com,9363031062,"BBA, Christ University, 2018",2 years as Backend Developer at CodeNest,"SQL, Python, Tableau, Excel, Data Cleaning",Certified Scrum Master - Scrum Alliance,Data Analyst
Manish Gupta 159,manish.gupta.159@example.com,9413620778,"MBA in HR, Symbiosis, 2020",3 years as Data Analyst at Infoware Solutions,"Recruitment, Onboarding, HRMS, MS Excel, Communication",Oracle Certified Java Developer,HR Manager
Ankit Singh 806,ankit.singh.806@example.com,9486953574,"B.E. in Information Technology, Anna University, 2021",4 years in Digital Marketing at AdVision,"Java, Spring Boot, MySQL, REST APIs, Docker",Google Digital Marketing Certification,Backend Developer
Ishita Roy 267,ishita.roy.267@example.com,9801838562,"B.E. in Information Technology, Anna University, 2021",3 years as Data Analyst at Infoware Solutions,"SQL, Python, Tableau, Excel, Data Cleaning",People Analytics - Coursera,Backend Developer
Priya Das 557,priya.das.557@example.com,9141503629,"MCA, NIT Trichy, 2021",3 years as Data Analyst at Infoware Solutions,"Figma, Adobe XD, Wireframing, UX Research, Prototyping",People Analytics - Coursera,HR Manager
Karan Verma 936,karan.verma.936@example.com,9619608233,"MBA in HR, Symbiosis, 2020",3 years as Data Analyst at Infoware Solutions,"HTML, CSS, JavaScript, React, Git",Oracle Certified Java Developer,Digital Marketing Specialist
Karan Verma 679,karan.verma.679@example.com,9019285840,"B.E. in Information Technology, Anna University, 2021",5 years as Project Manager at NexGenSoft,"HTML, CSS, JavaScript, React, Git",People Analytics - Coursera,QA Engineer
Neha Sharma 60,neha.sharma.60@example.com,9044679655,"B.Sc in Statistics, Delhi University, 2019",5 years as Project Manager at NexGenSoft,"SEO, Google Ads, Analytics, Content Strategy, Facebook Ads",Google Data Analytics Certificate,Backend Developer
Manish Gupta 877,manish.gupta.877@example.com,9698375917,"B.Tech in Computer Science, IIT Delhi, 2022",2 years as Backend Developer at CodeNest,"Java, Spring Boot, MySQL, REST APIs, Docker",Certified Scrum Master - Scrum Alliance,Digital Marketing Specialist
Aarav Mehta 941,aarav.mehta.941@example.com,9005268600,"B.Tech in Computer Science, IIT Delhi, 2022",2 years as HR Executive at TalentCraft,"SQL, Python, Tableau, Excel, Data Cleaning",Google Data Analytics Certificate,Project Manager
Ankit Singh 171,ankit.singh.171@example.com,9896596091,"B.Sc in Statistics, Delhi University, 2019",3 years as Data Analyst at Infoware Solutions,"Figma, Adobe XD, Wireframing, UX Research, Prototyping",People Analytics - Coursera,HR Manager
Aarav Mehta 96,aarav.mehta.96@example.com,9204662795,"MCA, NIT Trichy, 2021",4 years in Digital Marketing at AdVision,"Java, Spring Boot, MySQL, REST APIs, Docker",Oracle Certified Java Developer,Project Manager
Karan Verma 118,karan.verma.118@example.com,9915349555,"BBA, Christ University, 2018",2 years as Backend Developer at CodeNest,"SQL, Python, Tableau, Excel, Data Cleaning",Certified Scrum Master - Scrum Alliance,HR Manager
Manish Gupta 759,manish.gupta.759@example.com,9236886291,"BBA, Christ University, 2018",2 years as Backend Developer at CodeNest,"HTML, CSS, JavaScript, React, Git",Google Digital Marketing Certification,HR Manager
Ravi Narayan 20,ravi.narayan.20@example.com,9272725270,"B.Sc in Statistics, Delhi University, 2019",2 years as HR Executive at TalentCraft,"Figma, Adobe XD, Wireframing, UX Research, Prototyping",Frontend Developer Nanodegree - Udacity,Project Manager
Karan Verma 21,karan.verma.21@example.com,9329981018,"B.E. in Information Technology, Anna University, 2021",4 years in Digital Marketing at AdVision,"Recruitment, Onboarding, HRMS, MS Excel, Communication",People Analytics - Coursera,Data Analyst
Ankit Singh 528,ankit.singh.528@example.com,9400195845,"BBA, Christ University, 2018",2 years as Backend Developer at CodeNest,"Figma, Adobe XD, Wireframing, UX Research, Prototyping",People Analytics - Coursera,Backend Developer
Sneha Kapoor 207,sneha.kapoor.207@example.com,9869914967,"MCA, NIT Trichy, 2021",4 years in Digital Marketing at AdVision,"SEO, Google Ads, Analytics, Content Strategy, Facebook Ads",Oracle Certified Java Developer,Frontend Developer
Divya Iyer 954,divya.iyer.954@example.com,9777915648,"B.Tech in Computer Science, IIT Delhi, 2022",2 years as HR Executive at TalentCraft,"SEO, Google Ads, Analytics, Content Strategy, Facebook Ads",Frontend Developer Nanodegree - Udacity,Backend Developer
Divya Iyer 793,divya.iyer.793@example.com,9090010454,"BBA, Christ University, 2018",2 years as Backend Developer at CodeNest,"SQL, Python, Tableau, Excel, Data Cleaning",Google Digital Marketing Certification,Project Manager
Aarav Mehta 792,aarav.mehta.792@example.com,9842489465,"MCA, NIT Trichy, 2021",3 years as Data Analyst at Infoware Solutions,"HTML, CSS, JavaScript, React, Git",Oracle Certified Java Developer,Frontend Developer
Divya Iyer 404,divya.iyer.404@example.com,9196598630,"B.Tech in Computer Science, IIT Delhi, 2022",2 years as Backend Developer at CodeNest,"Figma, Adobe XD, Wireframing, UX Research, Prototyping",Frontend Developer Nanodegree - Udacity,Project Manager
Ankit Singh 910,ankit.singh.910@example.com,9748189074,"B.Tech in Computer Science, IIT Delhi, 2022",1 year as Front-End Developer at ByteLogic,"Recruitment, Onboarding, HRMS, MS Excel, Communication",Oracle Certified Java Developer,Frontend Developer
Ishita Roy 379,ishita.roy.379@example.com,9534790154,"B.Sc in Statistics, Delhi University, 2019",2 years as HR Executive at TalentCraft,"Java, Spring Boot, MySQL, REST APIs, Docker",Certified Scrum Master - Scrum Alliance,Digital Marketing Specialist
Manish Gupta 493,manish.gupta.493@example.com,9222552018,"BBA, Christ University, 2018",2 years as Backend Developer at CodeNest,"HTML, CSS, JavaScript, React, Git",Frontend Developer Nanodegree - Udacity,QA Engineer
Karan Verma 657,karan.verma.657@example.com,9910083490,"B.Sc in Statistics, Delhi University, 2019",2 years as Backend Developer at CodeNest,"Recruitment, Onboarding, HRMS, MS Excel, Communication",Google Data Analytics Certificate,Frontend Developer
Manish Gupta 418,manish.gupta.418@example.com,9378444724,"B.Tech in Computer Science, IIT Delhi, 2022",1 year as Front-End Developer at ByteLogic,"Java, Spring Boot, MySQL, REST APIs, Docker",Google Digital Marketing Certification,Backend Developer
Manish Gupta 219,manish.gupta.219@example.com,9316441919,"B.E. in Information Technology, Anna University, 2021",1 year as Front-End Developer at ByteLogic,"Recruitment, Onboarding, HRMS, MS Excel, Communication",Google Data Analytics Certificate,UI/UX Designer
Neha Sharma 505,neha.sharma.505@example.com,9399814215,"B.Sc in Statistics, Delhi University, 2019",1 year as Front-End Developer at ByteLogic,"Figma, Adobe XD, Wireframing, UX Research, Prototyping",Google Data Analytics Certificate,Backend Developer
Priya Das 696,priya.das.696@example.com,9368422373,"B.Tech in Computer Science, IIT Delhi, 2022",4 years in Digital Marketing at AdVision,"Recruitment, Onboarding, HRMS, MS Excel, Communication",Oracle Certified Java Developer,Digital Marketing Specialist
Ishita Roy 139,ishita.roy.139@example.com,9254958082,"MBA in HR, Symbiosis, 2020",3 years as Data Analyst at Infoware Solutions,"Recruitment, Onboarding, HRMS, MS Excel, Communication",People Analytics - Coursera,QA Engineer
Sneha Kapoor 393,sneha.kapoor.393@example.com,9461855306,"B.Tech in Computer Science, IIT Delhi, 2022",4 years in Digital Marketing at AdVision,"HTML, CSS, JavaScript, React, Git",Certified Scrum Master - Scrum Alliance,Project Manager
Karan Verma 577,karan.verma.577@example.com,9282875447,"B.Tech in Computer Science, IIT Delhi, 2022",4 years in Digital Marketing at AdVision,"SEO, Google Ads, Analytics, Content Strategy, Facebook Ads",Google Data Analytics Certificate,QA Engineer
Karan Verma 242,karan.verma.242@example.com,9383493114,"MBA in HR, Symbiosis, 2020",2 years as HR Executive at TalentCraft,"Recruitment, Onboarding, HRMS, MS Excel, Communication",Frontend Developer Nanodegree - Udacity,Backend Developer
Ankit Singh 978,ankit.singh.978@example.com,9318349678,"B.E. in Information Technology, Anna University, 2021",2 years as Backend Developer at CodeNest,"SQL, Python, Tableau, Excel, Data Cleaning",Certified Scrum Master - Scrum Alliance,UI/UX Designer
Ishita Roy 159,ishita.roy.159@example.com,9210926231,"BBA, Christ University, 2018",1 year as Front-End Developer at ByteLogic,"Recruitment, Onboarding, HRMS, MS Excel, Communication",Google Digital Marketing Certification,QA Engineer
Aarav Mehta 907,aarav.mehta.907@example.com,9502476620,"B.Sc in Statistics, Delhi University, 2019",2 years as Backend Developer at CodeNest,"Java, Spring Boot, MySQL, REST APIs, Docker",People Analytics - Coursera,Project Manager
Aarav Mehta 592,aarav.mehta.592@example.com,9971559287,"B.E. in Information Technology, Anna University, 2021",1 year as Front-End Developer at ByteLogic,"Java, Spring Boot, MySQL, REST APIs, Docker",People Analytics - Coursera,Backend Developer
Karan Verma 554,karan.verma.554@example.com,9410429536,"BBA, Christ University, 2018",2 years as Backend Developer at CodeNest,"HTML, CSS, JavaScript, React, Git",Google Data Analytics Certificate,QA Engineer
Aarav Mehta 499,aarav.mehta.499@example.com,9103193232,"BBA, Christ University, 2018",4 years in Digital Marketing at AdVision,"Figma, Adobe XD, Wireframing, UX Research, Prototyping",Oracle Certified Java Developer,QA Engineer
Ravi Narayan 211,ravi.narayan.211@example.com,9475206322,"B.Tech in Computer Science, IIT Delhi, 2022",1 year as Front-End Developer at ByteLogic,"SEO, Google Ads, Analytics, Content Strategy, Facebook Ads",Oracle Certified Java Developer,Backend Developer
Sneha Kapoor 47,sneha.kapoor.47@example.com,9338450209,"B.E. in Information Technology, Anna University, 2021",1 year as Front-End Developer at ByteLogic,"SEO, Google Ads, Analytics, Content Strategy, Facebook Ads",Certified Scrum Master - Scrum Alliance,Data Analyst
Ankit Singh 272,ankit.singh.272@example.com,9369102110,"BBA, Christ University, 2018",1 year as Front-End Developer at ByteLogic,"Figma, Adobe XD, Wireframing, UX Research, Prototyping",Google Digital Marketing Certification,Digital Marketing Specialist
Ishita Roy 522,ishita.roy.522@example.com,9710771855,"B.Tech in Computer Science, IIT Delhi, 2022",2 years as Backend Developer at CodeNest,"Figma, Adobe XD, Wireframing, UX Research, Prototyping",Google Digital Marketing Certification,Data Analyst
Ishita Roy 96,ishita.roy.96@example.com,9464464106,"B.Sc in Statistics, Delhi University, 2019",2 years as Backend Developer at CodeNest,"Java, Spring Boot, MySQL, REST APIs, Docker",Google Digital Marketing Certification,Backend Developer
Manish Gupta 279,manish.gupta.279@example.com,9682786757,"MBA in HR, Symbiosis, 2020",2 years as HR Executive at TalentCraft,"SEO, Google Ads, Analytics, Content Strategy, Facebook Ads",Google Digital Marketing Certification,Frontend Developer
Manish Gupta 101,manish.gupta.101@example.com,9225662840,"B.Tech in Computer Science, IIT Delhi, 2022",1 year as Front-End Developer at ByteLogic,"SEO, Google Ads, Analytics, Content Strategy, Facebook Ads",Google Data Analytics Certificate,UI/UX Designer
Ishita Roy 27,ishita.roy.27@example.com,9463352748,"B.Sc in Statistics, Delhi University, 2019",2 years as Backend Developer at CodeNest,"SEO, Google Ads, Analytics, Content Strategy, Facebook Ads",Google Digital Marketing Certification,QA Engineer
Ankit Singh 412,ankit.singh.412@example.com,9551208907,"B.Tech in Computer Science, IIT Delhi, 2022",5 years as Project Manager at NexGenSoft,"SQL, Python, Tableau, Excel, Data Cleaning",Certified Scrum Master - Scrum Alliance,Digital Marketing Specialist
Manish Gupta 472,manish.gupta.472@example.com,9355982134,"MCA, NIT Trichy, 2021",5 years as Project Manager at NexGenSoft,"Figma, Adobe XD, Wireframing, UX Research, Prototyping",People Analytics - Coursera,Data Analyst
Neha Sharma 89,neha.sharma.89@example.com,9839968362,"B.Tech in Computer Science, IIT Delhi, 2022",1 year as Front-End Developer at ByteLogic,"SEO, Google Ads, Analytics, Content Strategy, Facebook Ads",Google Digital Marketing Certification,UI/UX Designer
Ankit Singh 509,ankit.singh.509@example.com,9368873767,"MCA, NIT Trichy, 2021",2 years as HR Executive at TalentCraft,"SQL, Python, Tableau, Excel, Data Cleaning",Frontend Developer Nanodegree - Udacity,UI/UX Designer
Divya Iyer 726,divya.iyer.726@example.com,9015326293,"B.Sc in Statistics, Delhi University, 2019",2 years as Backend Developer at CodeNest,"Recruitment, Onboarding, HRMS, MS Excel, Communication",Google Digital Marketing Certification,Project Manager
Divya Iyer 286,divya.iyer.286@example.com,9822507866,"BBA, Christ University, 2018",2 years as Backend Developer at CodeNest,"HTML, CSS, JavaScript, React, Git",Frontend Developer Nanodegree - Udacity,Backend Developer
Sneha Kapoor 756,sneha.kapoor.756@example.com,9968405505,"B.Tech in Computer Science, IIT Delhi, 2022",2 years as HR Executive at TalentCraft,"Java, Spring Boot, MySQL, REST APIs, Docker",Google Digital Marketing Certification,Data Analyst
Aarav Mehta 908,aarav.mehta.908@example.com,9385378566,"B.E. in Information Technology, Anna University, 2021",2 years as HR Executive at TalentCraft,"Java, Spring Boot, MySQL, REST APIs, Docker",Google Data Analytics Certificate,Frontend Developer
Divya Iyer 602,divya.iyer.602@example.com,9910892707,"MCA, NIT Trichy, 2021",2 years as Backend Developer at CodeNest,"Figma, Adobe XD, Wireframing, UX Research, Prototyping",People Analytics - Coursera,QA Engineer
Ishita Roy 806,ishita.roy.806@example.com,9893524722,"B.E. in Information Technology, Anna University, 2021",3 years as Data Analyst at Infoware Solutions,"SQL, Python, Tableau, Excel, Data Cleaning",Frontend Developer Nanodegree - Udacity,Project Manager
Manish Gupta 650,manish.gupta.650@example.com,9013460630,"BBA, Christ University, 2018",2 years as Backend Developer at CodeNest,"SQL, Python, Tableau, Excel, Data Cleaning",Certified Scrum Master - Scrum Alliance,Project Manager
Aarav Mehta 806,aarav.mehta.806@example.com,9337924929,"BBA, Christ University, 2018",2 years as HR Executive at TalentCraft,"SEO, Google Ads, Analytics, Content Strategy, Facebook Ads",Google Digital Marketing Certification,Digital Marketing Specialist
Priya Das 422,priya.das.422@example.com,9557490576,"B.Sc in Statistics, Delhi University, 2019",5 years as Project Manager at NexGenSoft,"Java, Spring Boot, MySQL, REST APIs, Docker",People Analytics - Coursera,Frontend Developer
Sneha Kapoor 171,sneha.kapoor.171@example.com,9433971013,"B.Tech in Computer Science, IIT Delhi, 2022",2 years as HR Executive at TalentCraft,"Recruitment, Onboarding, HRMS, MS Excel, Communication",Frontend Developer Nanodegree - Udacity,UI/UX Designer
Ankit Singh 818,ankit.singh.818@example.com,9737128456,"B.Tech in Computer Science, IIT Delhi, 2022",4 years in Digital Marketing at AdVision,"SEO, Google Ads, Analytics, Content Strategy, Facebook Ads",Certified Scrum Master - Scrum Alliance,UI/UX Designer
Ravi Narayan 420,ravi.narayan.420@example.com,9953453663,"MBA in HR, Symbiosis, 2020",1 year as Front-End Developer at ByteLogic,"SQL, Python, Tableau, Excel, Data Cleaning",Google Digital Marketing Certification,Frontend Developer
Karan Verma 124,karan.verma.124@example.com,9329898843,"MCA, NIT Trichy, 2021",5 years as Project Manager at NexGenSoft,"SEO, Google Ads, Analytics, Content Strategy, Facebook Ads",Google Data Analytics Certificate,Data Analyst
Neha Sharma 602,neha.sharma.602@example.com,9903215539,"MCA, NIT Trichy, 2021",5 years as Project Manager at NexGenSoft,"HTML, CSS, JavaScript, React, Git",Google Digital Marketing Certification,UI/UX Designer
Sneha Kapoor 402,sneha.kapoor.402@example.com,9603833257,"B.E. in Information Technology, Anna University, 2021",1 year as Front-End Developer at ByteLogic,"Figma, Adobe XD, Wireframing, UX Research, Prototyping",People Analytics - Coursera,Project Manager
Divya Iyer 824,divya.iyer.824@example.com,9194749579,"BBA, Christ University, 2018",1 year as Front-End Developer at ByteLogic,"Recruitment, Onboarding, HRMS, MS Excel, Communication",Google Digital Marketing Certification,Digital Marketing Specialist
Aarav Mehta 642,aarav.mehta.642@example.com,9743503486,"BBA, Christ University, 2018",5 years as Project Manager at NexGenSoft,"Java, Spring Boot, MySQL, REST APIs, Docker",Frontend Developer Nanodegree - Udacity,HR Manager
Ankit Singh 643,ankit.singh.643@example.com,9182536958,"B.Tech in Computer Science, IIT Delhi, 2022",2 years as Backend Developer at CodeNest,"HTML, CSS, JavaScript, React, Git",People Analytics - Coursera,Digital Marketing Specialist
Ankit Singh 213,ankit.singh.213@example.com,9133911802,"MCA, NIT Trichy, 2021",1 year as Front-End Developer at ByteLogic,"SEO, Google Ads, Analytics, Content Strategy, Facebook Ads",Google Digital Marketing Certification,Backend Developer
Ishita Roy 929,ishita.roy.929@example.com,9677310531,"MCA, NIT Trichy, 2021",1 year as Front-End Developer at ByteLogic,"Recruitment, Onboarding, HRMS, MS Excel, Communication",Google Digital Marketing Certification,HR Manager
Ravi Narayan 356,ravi.narayan.356@example.com,9247319682,"MCA, NIT Trichy, 2021",4 years in Digital Marketing at AdVision,"Figma, Adobe XD, Wireframing, UX Research, Prototyping",Frontend Developer Nanodegree - Udacity,QA Engineer
Ishita Roy 717,ishita.roy.717@example.com,9383808965,"B.Sc in Statistics, Delhi University, 2019",4 years in Digital Marketing at AdVision,"SQL, Python, Tableau, Excel, Data Cleaning",Oracle Certified Java Developer,UI/UX Designer
Ankit Singh 693,ankit.singh.693@example.com,9383687372,"MBA in HR, Symbiosis, 2020",2 years as HR Executive at TalentCraft,"Java, Spring Boot, MySQL, REST APIs, Docker",Frontend Developer Nanodegree - Udacity,HR Manager
